--
-- PostgreSQL database dump
--

-- Dumped from database version 17.4
-- Dumped by pg_dump version 17.4

-- Started on 2025-09-18 10:26:53

SET statement_timeout = 0;
SET lock_timeout = 0;
SET idle_in_transaction_session_timeout = 0;
SET transaction_timeout = 0;
SET client_encoding = 'UTF8';
SET standard_conforming_strings = on;
SELECT pg_catalog.set_config('search_path', '', false);
SET check_function_bodies = false;
SET xmloption = content;
SET client_min_messages = warning;
SET row_security = off;

SET default_tablespace = '';

SET default_table_access_method = heap;

--
-- TOC entry 243 (class 1259 OID 25415)
-- Name: adocao; Type: TABLE; Schema: public; Owner: postgres
--

CREATE TABLE public.adocao (
    ado_cod integer NOT NULL,
    ado_dt date NOT NULL,
    ado_contrato bytea,
    pe_cod integer NOT NULL,
    an_cod integer NOT NULL
);


ALTER TABLE public.adocao OWNER TO postgres;

--
-- TOC entry 221 (class 1259 OID 25073)
-- Name: adocao_ado_cod_seq; Type: SEQUENCE; Schema: public; Owner: postgres
--

CREATE SEQUENCE public.adocao_ado_cod_seq
    START WITH 1
    INCREMENT BY 1
    NO MINVALUE
    NO MAXVALUE
    CACHE 1;


ALTER SEQUENCE public.adocao_ado_cod_seq OWNER TO postgres;

--
-- TOC entry 242 (class 1259 OID 25414)
-- Name: adocao_ado_cod_seq1; Type: SEQUENCE; Schema: public; Owner: postgres
--

ALTER TABLE public.adocao ALTER COLUMN ado_cod ADD GENERATED BY DEFAULT AS IDENTITY (
    SEQUENCE NAME public.adocao_ado_cod_seq1
    START WITH 1
    INCREMENT BY 1
    NO MINVALUE
    NO MAXVALUE
    CACHE 1
);


--
-- TOC entry 237 (class 1259 OID 25362)
-- Name: animais; Type: TABLE; Schema: public; Owner: postgres
--

CREATE TABLE public.animais (
    an_cod integer NOT NULL,
    an_nome character varying(100) NOT NULL,
    an_idade integer NOT NULL,
    an_tipo character varying(50),
    an_sexo character varying(50) NOT NULL,
    an_porte character varying(50),
    an_raca character varying(100) NOT NULL,
    an_pelagem character varying(100) NOT NULL,
    an_peso integer,
    an_baia character varying(50) NOT NULL,
    an_dt_resgate date,
    an_disp_adocao boolean DEFAULT true NOT NULL,
    an_foto bytea,
    an_castrado boolean DEFAULT false,
    an_obs character varying(500),
    an_ativo boolean DEFAULT true
);


ALTER TABLE public.animais OWNER TO postgres;

--
-- TOC entry 220 (class 1259 OID 25060)
-- Name: animais_an_cod_seq; Type: SEQUENCE; Schema: public; Owner: postgres
--

CREATE SEQUENCE public.animais_an_cod_seq
    START WITH 1
    INCREMENT BY 1
    NO MINVALUE
    NO MAXVALUE
    CACHE 1;


ALTER SEQUENCE public.animais_an_cod_seq OWNER TO postgres;

--
-- TOC entry 236 (class 1259 OID 25361)
-- Name: animais_an_cod_seq1; Type: SEQUENCE; Schema: public; Owner: postgres
--

ALTER TABLE public.animais ALTER COLUMN an_cod ADD GENERATED BY DEFAULT AS IDENTITY (
    SEQUENCE NAME public.animais_an_cod_seq1
    START WITH 1
    INCREMENT BY 1
    NO MINVALUE
    NO MAXVALUE
    CACHE 1
);


--
-- TOC entry 244 (class 1259 OID 25432)
-- Name: animal_x_med; Type: TABLE; Schema: public; Owner: postgres
--

CREATE TABLE public.animal_x_med (
    animais_an_cod integer NOT NULL,
    medicamento_med_cod integer NOT NULL,
    med_dose_aplicada character varying(50),
    axm_data_aplicacao date DEFAULT CURRENT_DATE NOT NULL,
    axm_observacao character varying(255)
);


ALTER TABLE public.animal_x_med OWNER TO postgres;

--
-- TOC entry 246 (class 1259 OID 25449)
-- Name: animal_x_vac; Type: TABLE; Schema: public; Owner: postgres
--

CREATE TABLE public.animal_x_vac (
    axv_cod integer NOT NULL,
    animais_an_cod integer NOT NULL,
    vacinas_va_cod integer NOT NULL,
    axv_vol_aplicador_cod integer NOT NULL,
    axv_data_aplicacao date NOT NULL,
    axv_dose_numerica numeric(5,2),
    axv_observacao text
);


ALTER TABLE public.animal_x_vac OWNER TO postgres;

--
-- TOC entry 245 (class 1259 OID 25448)
-- Name: animal_x_vac_axv_cod_seq; Type: SEQUENCE; Schema: public; Owner: postgres
--

ALTER TABLE public.animal_x_vac ALTER COLUMN axv_cod ADD GENERATED BY DEFAULT AS IDENTITY (
    SEQUENCE NAME public.animal_x_vac_axv_cod_seq
    START WITH 1
    INCREMENT BY 1
    NO MINVALUE
    NO MAXVALUE
    CACHE 1
);


--
-- TOC entry 223 (class 1259 OID 25314)
-- Name: cargo; Type: TABLE; Schema: public; Owner: postgres
--

CREATE TABLE public.cargo (
    car_cod integer NOT NULL,
    car_nome character varying(100)
);


ALTER TABLE public.cargo OWNER TO postgres;

--
-- TOC entry 222 (class 1259 OID 25313)
-- Name: cargo_car_cod_seq; Type: SEQUENCE; Schema: public; Owner: postgres
--

ALTER TABLE public.cargo ALTER COLUMN car_cod ADD GENERATED BY DEFAULT AS IDENTITY (
    SEQUENCE NAME public.cargo_car_cod_seq
    START WITH 1
    INCREMENT BY 1
    NO MINVALUE
    NO MAXVALUE
    CACHE 1
);


--
-- TOC entry 225 (class 1259 OID 25320)
-- Name: contato; Type: TABLE; Schema: public; Owner: postgres
--

CREATE TABLE public.contato (
    con_cod integer NOT NULL,
    con_telefone character varying(255),
    con_email character varying(255)
);


ALTER TABLE public.contato OWNER TO postgres;

--
-- TOC entry 224 (class 1259 OID 25319)
-- Name: contato_con_cod_seq; Type: SEQUENCE; Schema: public; Owner: postgres
--

ALTER TABLE public.contato ALTER COLUMN con_cod ADD GENERATED BY DEFAULT AS IDENTITY (
    SEQUENCE NAME public.contato_con_cod_seq
    START WITH 1
    INCREMENT BY 1
    NO MINVALUE
    NO MAXVALUE
    CACHE 1
);


--
-- TOC entry 227 (class 1259 OID 25328)
-- Name: credenciais; Type: TABLE; Schema: public; Owner: postgres
--

CREATE TABLE public.credenciais (
    cre_cod integer NOT NULL,
    cre_login character varying(50) NOT NULL,
    cre_senha character varying(255) NOT NULL
);


ALTER TABLE public.credenciais OWNER TO postgres;

--
-- TOC entry 226 (class 1259 OID 25327)
-- Name: credenciais_cre_cod_seq; Type: SEQUENCE; Schema: public; Owner: postgres
--

ALTER TABLE public.credenciais ALTER COLUMN cre_cod ADD GENERATED BY DEFAULT AS IDENTITY (
    SEQUENCE NAME public.credenciais_cre_cod_seq
    START WITH 1
    INCREMENT BY 1
    NO MINVALUE
    NO MAXVALUE
    CACHE 1
);


--
-- TOC entry 249 (class 1259 OID 25483)
-- Name: doacao_x_produtos; Type: TABLE; Schema: public; Owner: postgres
--

CREATE TABLE public.doacao_x_produtos (
    doacoes_doa_cod integer NOT NULL,
    produtos_p_cod integer NOT NULL,
    dxp_quantidade_produto integer
);


ALTER TABLE public.doacao_x_produtos OWNER TO postgres;

--
-- TOC entry 248 (class 1259 OID 25472)
-- Name: doacoes; Type: TABLE; Schema: public; Owner: postgres
--

CREATE TABLE public.doacoes (
    doa_cod integer NOT NULL,
    doa_tipo character varying(50) NOT NULL,
    doa_qtde numeric(10,2),
    doa_nome character varying(255),
    doa_data date DEFAULT CURRENT_DATE,
    doa_validade date,
    doa_unidade character varying(50),
    pe_cod integer NOT NULL
);


ALTER TABLE public.doacoes OWNER TO postgres;

--
-- TOC entry 247 (class 1259 OID 25471)
-- Name: doacoes_doa_cod_seq; Type: SEQUENCE; Schema: public; Owner: postgres
--

ALTER TABLE public.doacoes ALTER COLUMN doa_cod ADD GENERATED BY DEFAULT AS IDENTITY (
    SEQUENCE NAME public.doacoes_doa_cod_seq
    START WITH 1
    INCREMENT BY 1
    NO MINVALUE
    NO MAXVALUE
    CACHE 1
);


--
-- TOC entry 252 (class 1259 OID 25514)
-- Name: empresa; Type: TABLE; Schema: public; Owner: postgres
--

CREATE TABLE public.empresa (
    emp_cod integer NOT NULL,
    nome character varying(255) NOT NULL,
    razao_social character varying(255) NOT NULL,
    cnpj character varying(20) NOT NULL,
    logo_pequena bytea,
    endereco character varying(255) NOT NULL,
    bairro character varying(100) NOT NULL,
    cidade character varying(100) NOT NULL,
    uf character varying(2) NOT NULL,
    diretor character varying(100),
    site character varying(255),
    telefone character varying(20)
);


ALTER TABLE public.empresa OWNER TO postgres;

--
-- TOC entry 251 (class 1259 OID 25513)
-- Name: empresa_emp_cod_seq; Type: SEQUENCE; Schema: public; Owner: postgres
--

ALTER TABLE public.empresa ALTER COLUMN emp_cod ADD GENERATED BY DEFAULT AS IDENTITY (
    SEQUENCE NAME public.empresa_emp_cod_seq
    START WITH 1
    INCREMENT BY 1
    NO MINVALUE
    NO MAXVALUE
    CACHE 1
);


--
-- TOC entry 229 (class 1259 OID 25336)
-- Name: endereco; Type: TABLE; Schema: public; Owner: postgres
--

CREATE TABLE public.endereco (
    en_id integer NOT NULL,
    en_cep character varying(20),
    en_rua character varying(100) NOT NULL,
    en_numero integer,
    en_bairro character varying(100) NOT NULL,
    en_cidade character varying(100) NOT NULL,
    en_uf character varying(2) NOT NULL,
    en_complemento character varying(100)
);


ALTER TABLE public.endereco OWNER TO postgres;

--
-- TOC entry 228 (class 1259 OID 25335)
-- Name: endereco_en_id_seq; Type: SEQUENCE; Schema: public; Owner: postgres
--

ALTER TABLE public.endereco ALTER COLUMN en_id ADD GENERATED BY DEFAULT AS IDENTITY (
    SEQUENCE NAME public.endereco_en_id_seq
    START WITH 1
    INCREMENT BY 1
    NO MINVALUE
    NO MAXVALUE
    CACHE 1
);


--
-- TOC entry 233 (class 1259 OID 25349)
-- Name: medicamento; Type: TABLE; Schema: public; Owner: postgres
--

CREATE TABLE public.medicamento (
    med_cod integer NOT NULL,
    med_nome character varying(100) NOT NULL,
    med_dose integer NOT NULL,
    med_desc character varying(255),
    med_qntd_estoque integer DEFAULT 0
);


ALTER TABLE public.medicamento OWNER TO postgres;

--
-- TOC entry 232 (class 1259 OID 25348)
-- Name: medicamento_med_cod_seq; Type: SEQUENCE; Schema: public; Owner: postgres
--

ALTER TABLE public.medicamento ALTER COLUMN med_cod ADD GENERATED BY DEFAULT AS IDENTITY (
    SEQUENCE NAME public.medicamento_med_cod_seq
    START WITH 1
    INCREMENT BY 1
    NO MINVALUE
    NO MAXVALUE
    CACHE 1
);


--
-- TOC entry 239 (class 1259 OID 25373)
-- Name: pessoa; Type: TABLE; Schema: public; Owner: postgres
--

CREATE TABLE public.pessoa (
    pe_cod integer NOT NULL,
    pe_cpf character varying(14) NOT NULL,
    pe_nome character varying(100) NOT NULL,
    pe_status boolean DEFAULT true,
    pe_profissao character varying(100),
    pe_rg character varying(20),
    con_cod integer,
    en_id integer,
    notificar boolean DEFAULT false NOT NULL
);


ALTER TABLE public.pessoa OWNER TO postgres;

--
-- TOC entry 238 (class 1259 OID 25372)
-- Name: pessoa_pe_cod_seq; Type: SEQUENCE; Schema: public; Owner: postgres
--

ALTER TABLE public.pessoa ALTER COLUMN pe_cod ADD GENERATED BY DEFAULT AS IDENTITY (
    SEQUENCE NAME public.pessoa_pe_cod_seq
    START WITH 1
    INCREMENT BY 1
    NO MINVALUE
    NO MAXVALUE
    CACHE 1
);


--
-- TOC entry 231 (class 1259 OID 25342)
-- Name: produtos; Type: TABLE; Schema: public; Owner: postgres
--

CREATE TABLE public.produtos (
    p_cod integer NOT NULL,
    p_tipo character varying(50) NOT NULL,
    p_unidade_medida character varying(20) NOT NULL,
    p_data_validade date,
    p_descricao character varying(255) NOT NULL,
    p_qntd_estoque integer DEFAULT 0
);


ALTER TABLE public.produtos OWNER TO postgres;

--
-- TOC entry 230 (class 1259 OID 25341)
-- Name: produtos_p_cod_seq; Type: SEQUENCE; Schema: public; Owner: postgres
--

ALTER TABLE public.produtos ALTER COLUMN p_cod ADD GENERATED BY DEFAULT AS IDENTITY (
    SEQUENCE NAME public.produtos_p_cod_seq
    START WITH 1
    INCREMENT BY 1
    NO MINVALUE
    NO MAXVALUE
    CACHE 1
);


--
-- TOC entry 217 (class 1259 OID 16834)
-- Name: seq_codigo_pessoas; Type: SEQUENCE; Schema: public; Owner: postgres
--

CREATE SEQUENCE public.seq_codigo_pessoas
    START WITH 1
    INCREMENT BY 1
    NO MINVALUE
    NO MAXVALUE
    CACHE 1;


ALTER SEQUENCE public.seq_codigo_pessoas OWNER TO postgres;

--
-- TOC entry 218 (class 1259 OID 16854)
-- Name: seq_contato_codigo; Type: SEQUENCE; Schema: public; Owner: postgres
--

CREATE SEQUENCE public.seq_contato_codigo
    START WITH 1
    INCREMENT BY 1
    NO MINVALUE
    NO MAXVALUE
    CACHE 1;


ALTER SEQUENCE public.seq_contato_codigo OWNER TO postgres;

--
-- TOC entry 219 (class 1259 OID 16856)
-- Name: seq_endereco_id; Type: SEQUENCE; Schema: public; Owner: postgres
--

CREATE SEQUENCE public.seq_endereco_id
    START WITH 1
    INCREMENT BY 1
    NO MINVALUE
    NO MAXVALUE
    CACHE 1;


ALTER SEQUENCE public.seq_endereco_id OWNER TO postgres;

--
-- TOC entry 235 (class 1259 OID 25356)
-- Name: vacinas; Type: TABLE; Schema: public; Owner: postgres
--

CREATE TABLE public.vacinas (
    va_cod integer NOT NULL,
    va_nome character varying(100) NOT NULL,
    va_desc character varying(255),
    va_dt_aplicacao date NOT NULL,
    va_dose character varying(20) NOT NULL
);


ALTER TABLE public.vacinas OWNER TO postgres;

--
-- TOC entry 234 (class 1259 OID 25355)
-- Name: vacinas_va_cod_seq; Type: SEQUENCE; Schema: public; Owner: postgres
--

ALTER TABLE public.vacinas ALTER COLUMN va_cod ADD GENERATED BY DEFAULT AS IDENTITY (
    SEQUENCE NAME public.vacinas_va_cod_seq
    START WITH 1
    INCREMENT BY 1
    NO MINVALUE
    NO MAXVALUE
    CACHE 1
);


--
-- TOC entry 241 (class 1259 OID 25392)
-- Name: voluntario; Type: TABLE; Schema: public; Owner: postgres
--

CREATE TABLE public.voluntario (
    vol_cod integer NOT NULL,
    vol_cpf character varying(14),
    vol_nome character varying(100),
    car_cod integer NOT NULL,
    con_cod integer NOT NULL,
    cre_cod integer NOT NULL
);


ALTER TABLE public.voluntario OWNER TO postgres;

--
-- TOC entry 240 (class 1259 OID 25391)
-- Name: voluntario_vol_cod_seq; Type: SEQUENCE; Schema: public; Owner: postgres
--

ALTER TABLE public.voluntario ALTER COLUMN vol_cod ADD GENERATED BY DEFAULT AS IDENTITY (
    SEQUENCE NAME public.voluntario_vol_cod_seq
    START WITH 1
    INCREMENT BY 1
    NO MINVALUE
    NO MAXVALUE
    CACHE 1
);


--
-- TOC entry 250 (class 1259 OID 25498)
-- Name: voluntario_x_doacao; Type: TABLE; Schema: public; Owner: postgres
--

CREATE TABLE public.voluntario_x_doacao (
    voluntario_vol_cod integer NOT NULL,
    doacoes_doa_cod integer NOT NULL
);


ALTER TABLE public.voluntario_x_doacao OWNER TO postgres;

--
-- TOC entry 5063 (class 0 OID 25415)
-- Dependencies: 243
-- Data for Name: adocao; Type: TABLE DATA; Schema: public; Owner: postgres
--

COPY public.adocao (ado_cod, ado_dt, ado_contrato, pe_cod, an_cod) FROM stdin;
1	2025-05-01	\N	1	1
2	2025-05-10	\N	2	2
3	2025-05-15	\N	3	3
\.


--
-- TOC entry 5057 (class 0 OID 25362)
-- Dependencies: 237
-- Data for Name: animais; Type: TABLE DATA; Schema: public; Owner: postgres
--

COPY public.animais (an_cod, an_nome, an_idade, an_tipo, an_sexo, an_porte, an_raca, an_pelagem, an_peso, an_baia, an_dt_resgate, an_disp_adocao, an_foto, an_castrado, an_obs, an_ativo) FROM stdin;
1	Rex	3	Cachorro	Macho	Grande	Pastor Alemão	Preto e Marrom	30	B1	2025-01-01	t	\N	f	\N	t
2	Mia	2	Gato	Fêmea	Pequeno	Siamês	Branco e Marrom	5	B2	2025-02-15	t	\N	f	\N	t
3	Bob	1	Cachorro	Macho	Médio	Vira-lata	Caramelo	12	B3	2025-03-10	t	\N	f	\N	t
\.


--
-- TOC entry 5064 (class 0 OID 25432)
-- Dependencies: 244
-- Data for Name: animal_x_med; Type: TABLE DATA; Schema: public; Owner: postgres
--

COPY public.animal_x_med (animais_an_cod, medicamento_med_cod, med_dose_aplicada, axm_data_aplicacao, axm_observacao) FROM stdin;
1	1	100mg	2025-09-18	Aplicado após resgate
2	2	250mg	2025-09-18	Controle de infecção
3	3	50mg	2025-09-18	Tratamento de dor
\.


--
-- TOC entry 5066 (class 0 OID 25449)
-- Dependencies: 246
-- Data for Name: animal_x_vac; Type: TABLE DATA; Schema: public; Owner: postgres
--

COPY public.animal_x_vac (axv_cod, animais_an_cod, vacinas_va_cod, axv_vol_aplicador_cod, axv_data_aplicacao, axv_dose_numerica, axv_observacao) FROM stdin;
1	1	1	1	2025-02-10	1.00	Primeira dose
2	2	2	2	2025-03-05	2.00	Aplicação completa
3	3	3	3	2025-04-01	1.00	Reforço vacinal
\.


--
-- TOC entry 5043 (class 0 OID 25314)
-- Dependencies: 223
-- Data for Name: cargo; Type: TABLE DATA; Schema: public; Owner: postgres
--

COPY public.cargo (car_cod, car_nome) FROM stdin;
1	Veterinário
2	Auxiliar de Limpeza
3	Administrador
\.


--
-- TOC entry 5045 (class 0 OID 25320)
-- Dependencies: 225
-- Data for Name: contato; Type: TABLE DATA; Schema: public; Owner: postgres
--

COPY public.contato (con_cod, con_telefone, con_email) FROM stdin;
1	(11)99999-1111	joao@email.com
2	(11)98888-2222	maria@email.com
3	(11)97777-3333	carlos@email.com
\.


--
-- TOC entry 5047 (class 0 OID 25328)
-- Dependencies: 227
-- Data for Name: credenciais; Type: TABLE DATA; Schema: public; Owner: postgres
--

COPY public.credenciais (cre_cod, cre_login, cre_senha) FROM stdin;
1	joao123	senhaSegura1
2	maria321	senhaSegura2
3	carlos2025	senhaSegura3
\.


--
-- TOC entry 5069 (class 0 OID 25483)
-- Dependencies: 249
-- Data for Name: doacao_x_produtos; Type: TABLE DATA; Schema: public; Owner: postgres
--

COPY public.doacao_x_produtos (doacoes_doa_cod, produtos_p_cod, dxp_quantidade_produto) FROM stdin;
1	1	10
2	2	5
3	3	3
\.


--
-- TOC entry 5068 (class 0 OID 25472)
-- Dependencies: 248
-- Data for Name: doacoes; Type: TABLE DATA; Schema: public; Owner: postgres
--

COPY public.doacoes (doa_cod, doa_tipo, doa_qtde, doa_nome, doa_data, doa_validade, doa_unidade, pe_cod) FROM stdin;
1	Alimento	20.00	Ração Premium	2025-09-18	2026-01-01	Kg	1
2	Higiene	10.00	Areia Sanitária	2025-09-18	2026-05-10	Kg	2
3	Saúde	5.00	Shampoo Antipulgas	2025-09-18	2025-12-15	Unidade	3
\.


--
-- TOC entry 5072 (class 0 OID 25514)
-- Dependencies: 252
-- Data for Name: empresa; Type: TABLE DATA; Schema: public; Owner: postgres
--

COPY public.empresa (emp_cod, nome, razao_social, cnpj, logo_pequena, endereco, bairro, cidade, uf, diretor, site, telefone) FROM stdin;
\.


--
-- TOC entry 5049 (class 0 OID 25336)
-- Dependencies: 229
-- Data for Name: endereco; Type: TABLE DATA; Schema: public; Owner: postgres
--

COPY public.endereco (en_id, en_cep, en_rua, en_numero, en_bairro, en_cidade, en_uf, en_complemento) FROM stdin;
1	01001-000	Rua A	123	Centro	São Paulo	SP	Apto 12
2	02002-111	Av. B	456	Jardins	São Paulo	SP	\N
3	03003-222	Rua C	789	Mooca	São Paulo	SP	Casa
\.


--
-- TOC entry 5053 (class 0 OID 25349)
-- Dependencies: 233
-- Data for Name: medicamento; Type: TABLE DATA; Schema: public; Owner: postgres
--

COPY public.medicamento (med_cod, med_nome, med_dose, med_desc, med_qntd_estoque) FROM stdin;
1	Vermífugo X	100	Uso oral para cães	20
2	Antibiótico Y	250	Tratamento de infecções	10
3	Analgésico Z	50	Controle de dor	25
\.


--
-- TOC entry 5059 (class 0 OID 25373)
-- Dependencies: 239
-- Data for Name: pessoa; Type: TABLE DATA; Schema: public; Owner: postgres
--

COPY public.pessoa (pe_cod, pe_cpf, pe_nome, pe_status, pe_profissao, pe_rg, con_cod, en_id, notificar) FROM stdin;
2	626.476.853-00	Maria Oliveira	t	Engenheira	SP-20.222.222	2	2	f
3	123.456.789-09	Carlos Souza	t	Veterinário	RJ-30.333.333	3	3	f
1	390.533.447-05	João da Silva	t	Professor	MG-10.111.111	1	1	t
\.


--
-- TOC entry 5051 (class 0 OID 25342)
-- Dependencies: 231
-- Data for Name: produtos; Type: TABLE DATA; Schema: public; Owner: postgres
--

COPY public.produtos (p_cod, p_tipo, p_unidade_medida, p_data_validade, p_descricao, p_qntd_estoque) FROM stdin;
1	Ração	Kg	2026-01-01	Ração premium cães adultos	50
2	Areia	Kg	2026-05-10	Areia sanitária para gatos	30
3	Shampoo	Unidade	2025-12-15	Shampoo antipulgas	15
\.


--
-- TOC entry 5055 (class 0 OID 25356)
-- Dependencies: 235
-- Data for Name: vacinas; Type: TABLE DATA; Schema: public; Owner: postgres
--

COPY public.vacinas (va_cod, va_nome, va_desc, va_dt_aplicacao, va_dose) FROM stdin;
1	Antirrábica	Proteção contra raiva	2025-02-10	1 ml
2	Polivalente	Proteção múltipla	2025-03-05	2 ml
3	Gripe Canina	Proteção contra gripe	2025-04-01	1 ml
\.


--
-- TOC entry 5061 (class 0 OID 25392)
-- Dependencies: 241
-- Data for Name: voluntario; Type: TABLE DATA; Schema: public; Owner: postgres
--

COPY public.voluntario (vol_cod, vol_cpf, vol_nome, car_cod, con_cod, cre_cod) FROM stdin;
1	987.654.321-00	Fernanda Lima	1	1	1
2	741.852.963-20	Pedro Gomes	2	2	2
3	852.741.963-00	Ana Costa	3	3	3
\.


--
-- TOC entry 5070 (class 0 OID 25498)
-- Dependencies: 250
-- Data for Name: voluntario_x_doacao; Type: TABLE DATA; Schema: public; Owner: postgres
--

COPY public.voluntario_x_doacao (voluntario_vol_cod, doacoes_doa_cod) FROM stdin;
1	1
2	2
3	3
\.


--
-- TOC entry 5078 (class 0 OID 0)
-- Dependencies: 221
-- Name: adocao_ado_cod_seq; Type: SEQUENCE SET; Schema: public; Owner: postgres
--

SELECT pg_catalog.setval('public.adocao_ado_cod_seq', 1, false);


--
-- TOC entry 5079 (class 0 OID 0)
-- Dependencies: 242
-- Name: adocao_ado_cod_seq1; Type: SEQUENCE SET; Schema: public; Owner: postgres
--

SELECT pg_catalog.setval('public.adocao_ado_cod_seq1', 3, true);


--
-- TOC entry 5080 (class 0 OID 0)
-- Dependencies: 220
-- Name: animais_an_cod_seq; Type: SEQUENCE SET; Schema: public; Owner: postgres
--

SELECT pg_catalog.setval('public.animais_an_cod_seq', 2, true);


--
-- TOC entry 5081 (class 0 OID 0)
-- Dependencies: 236
-- Name: animais_an_cod_seq1; Type: SEQUENCE SET; Schema: public; Owner: postgres
--

SELECT pg_catalog.setval('public.animais_an_cod_seq1', 3, true);


--
-- TOC entry 5082 (class 0 OID 0)
-- Dependencies: 245
-- Name: animal_x_vac_axv_cod_seq; Type: SEQUENCE SET; Schema: public; Owner: postgres
--

SELECT pg_catalog.setval('public.animal_x_vac_axv_cod_seq', 3, true);


--
-- TOC entry 5083 (class 0 OID 0)
-- Dependencies: 222
-- Name: cargo_car_cod_seq; Type: SEQUENCE SET; Schema: public; Owner: postgres
--

SELECT pg_catalog.setval('public.cargo_car_cod_seq', 3, true);


--
-- TOC entry 5084 (class 0 OID 0)
-- Dependencies: 224
-- Name: contato_con_cod_seq; Type: SEQUENCE SET; Schema: public; Owner: postgres
--

SELECT pg_catalog.setval('public.contato_con_cod_seq', 3, true);


--
-- TOC entry 5085 (class 0 OID 0)
-- Dependencies: 226
-- Name: credenciais_cre_cod_seq; Type: SEQUENCE SET; Schema: public; Owner: postgres
--

SELECT pg_catalog.setval('public.credenciais_cre_cod_seq', 3, true);


--
-- TOC entry 5086 (class 0 OID 0)
-- Dependencies: 247
-- Name: doacoes_doa_cod_seq; Type: SEQUENCE SET; Schema: public; Owner: postgres
--

SELECT pg_catalog.setval('public.doacoes_doa_cod_seq', 3, true);


--
-- TOC entry 5087 (class 0 OID 0)
-- Dependencies: 251
-- Name: empresa_emp_cod_seq; Type: SEQUENCE SET; Schema: public; Owner: postgres
--

SELECT pg_catalog.setval('public.empresa_emp_cod_seq', 1, false);


--
-- TOC entry 5088 (class 0 OID 0)
-- Dependencies: 228
-- Name: endereco_en_id_seq; Type: SEQUENCE SET; Schema: public; Owner: postgres
--

SELECT pg_catalog.setval('public.endereco_en_id_seq', 3, true);


--
-- TOC entry 5089 (class 0 OID 0)
-- Dependencies: 232
-- Name: medicamento_med_cod_seq; Type: SEQUENCE SET; Schema: public; Owner: postgres
--

SELECT pg_catalog.setval('public.medicamento_med_cod_seq', 3, true);


--
-- TOC entry 5090 (class 0 OID 0)
-- Dependencies: 238
-- Name: pessoa_pe_cod_seq; Type: SEQUENCE SET; Schema: public; Owner: postgres
--

SELECT pg_catalog.setval('public.pessoa_pe_cod_seq', 1, false);


--
-- TOC entry 5091 (class 0 OID 0)
-- Dependencies: 230
-- Name: produtos_p_cod_seq; Type: SEQUENCE SET; Schema: public; Owner: postgres
--

SELECT pg_catalog.setval('public.produtos_p_cod_seq', 3, true);


--
-- TOC entry 5092 (class 0 OID 0)
-- Dependencies: 217
-- Name: seq_codigo_pessoas; Type: SEQUENCE SET; Schema: public; Owner: postgres
--

SELECT pg_catalog.setval('public.seq_codigo_pessoas', 10, true);


--
-- TOC entry 5093 (class 0 OID 0)
-- Dependencies: 218
-- Name: seq_contato_codigo; Type: SEQUENCE SET; Schema: public; Owner: postgres
--

SELECT pg_catalog.setval('public.seq_contato_codigo', 39, true);


--
-- TOC entry 5094 (class 0 OID 0)
-- Dependencies: 219
-- Name: seq_endereco_id; Type: SEQUENCE SET; Schema: public; Owner: postgres
--

SELECT pg_catalog.setval('public.seq_endereco_id', 42, true);


--
-- TOC entry 5095 (class 0 OID 0)
-- Dependencies: 234
-- Name: vacinas_va_cod_seq; Type: SEQUENCE SET; Schema: public; Owner: postgres
--

SELECT pg_catalog.setval('public.vacinas_va_cod_seq', 3, true);


--
-- TOC entry 5096 (class 0 OID 0)
-- Dependencies: 240
-- Name: voluntario_vol_cod_seq; Type: SEQUENCE SET; Schema: public; Owner: postgres
--

SELECT pg_catalog.setval('public.voluntario_vol_cod_seq', 3, true);


--
-- TOC entry 4860 (class 2606 OID 25421)
-- Name: adocao adocao_pkey; Type: CONSTRAINT; Schema: public; Owner: postgres
--

ALTER TABLE ONLY public.adocao
    ADD CONSTRAINT adocao_pkey PRIMARY KEY (ado_cod);


--
-- TOC entry 4850 (class 2606 OID 25371)
-- Name: animais animais_pkey; Type: CONSTRAINT; Schema: public; Owner: postgres
--

ALTER TABLE ONLY public.animais
    ADD CONSTRAINT animais_pkey PRIMARY KEY (an_cod);


--
-- TOC entry 4862 (class 2606 OID 25437)
-- Name: animal_x_med animal_x_med_pkey; Type: CONSTRAINT; Schema: public; Owner: postgres
--

ALTER TABLE ONLY public.animal_x_med
    ADD CONSTRAINT animal_x_med_pkey PRIMARY KEY (animais_an_cod, medicamento_med_cod, axm_data_aplicacao);


--
-- TOC entry 4864 (class 2606 OID 25455)
-- Name: animal_x_vac animal_x_vac_pkey; Type: CONSTRAINT; Schema: public; Owner: postgres
--

ALTER TABLE ONLY public.animal_x_vac
    ADD CONSTRAINT animal_x_vac_pkey PRIMARY KEY (axv_cod);


--
-- TOC entry 4834 (class 2606 OID 25318)
-- Name: cargo cargo_pkey; Type: CONSTRAINT; Schema: public; Owner: postgres
--

ALTER TABLE ONLY public.cargo
    ADD CONSTRAINT cargo_pkey PRIMARY KEY (car_cod);


--
-- TOC entry 4836 (class 2606 OID 25326)
-- Name: contato contato_pkey; Type: CONSTRAINT; Schema: public; Owner: postgres
--

ALTER TABLE ONLY public.contato
    ADD CONSTRAINT contato_pkey PRIMARY KEY (con_cod);


--
-- TOC entry 4838 (class 2606 OID 25334)
-- Name: credenciais credenciais_cre_login_key; Type: CONSTRAINT; Schema: public; Owner: postgres
--

ALTER TABLE ONLY public.credenciais
    ADD CONSTRAINT credenciais_cre_login_key UNIQUE (cre_login);


--
-- TOC entry 4840 (class 2606 OID 25332)
-- Name: credenciais credenciais_pkey; Type: CONSTRAINT; Schema: public; Owner: postgres
--

ALTER TABLE ONLY public.credenciais
    ADD CONSTRAINT credenciais_pkey PRIMARY KEY (cre_cod);


--
-- TOC entry 4868 (class 2606 OID 25487)
-- Name: doacao_x_produtos doacao_x_produtos_pkey; Type: CONSTRAINT; Schema: public; Owner: postgres
--

ALTER TABLE ONLY public.doacao_x_produtos
    ADD CONSTRAINT doacao_x_produtos_pkey PRIMARY KEY (doacoes_doa_cod, produtos_p_cod);


--
-- TOC entry 4866 (class 2606 OID 25477)
-- Name: doacoes doacoes_pkey; Type: CONSTRAINT; Schema: public; Owner: postgres
--

ALTER TABLE ONLY public.doacoes
    ADD CONSTRAINT doacoes_pkey PRIMARY KEY (doa_cod);


--
-- TOC entry 4872 (class 2606 OID 25522)
-- Name: empresa empresa_cnpj_key; Type: CONSTRAINT; Schema: public; Owner: postgres
--

ALTER TABLE ONLY public.empresa
    ADD CONSTRAINT empresa_cnpj_key UNIQUE (cnpj);


--
-- TOC entry 4874 (class 2606 OID 25520)
-- Name: empresa empresa_pkey; Type: CONSTRAINT; Schema: public; Owner: postgres
--

ALTER TABLE ONLY public.empresa
    ADD CONSTRAINT empresa_pkey PRIMARY KEY (emp_cod);


--
-- TOC entry 4842 (class 2606 OID 25340)
-- Name: endereco endereco_pkey; Type: CONSTRAINT; Schema: public; Owner: postgres
--

ALTER TABLE ONLY public.endereco
    ADD CONSTRAINT endereco_pkey PRIMARY KEY (en_id);


--
-- TOC entry 4846 (class 2606 OID 25354)
-- Name: medicamento medicamento_pkey; Type: CONSTRAINT; Schema: public; Owner: postgres
--

ALTER TABLE ONLY public.medicamento
    ADD CONSTRAINT medicamento_pkey PRIMARY KEY (med_cod);


--
-- TOC entry 4852 (class 2606 OID 25380)
-- Name: pessoa pessoa_pe_cpf_key; Type: CONSTRAINT; Schema: public; Owner: postgres
--

ALTER TABLE ONLY public.pessoa
    ADD CONSTRAINT pessoa_pe_cpf_key UNIQUE (pe_cpf);


--
-- TOC entry 4854 (class 2606 OID 25378)
-- Name: pessoa pessoa_pkey; Type: CONSTRAINT; Schema: public; Owner: postgres
--

ALTER TABLE ONLY public.pessoa
    ADD CONSTRAINT pessoa_pkey PRIMARY KEY (pe_cod);


--
-- TOC entry 4844 (class 2606 OID 25347)
-- Name: produtos produtos_pkey; Type: CONSTRAINT; Schema: public; Owner: postgres
--

ALTER TABLE ONLY public.produtos
    ADD CONSTRAINT produtos_pkey PRIMARY KEY (p_cod);


--
-- TOC entry 4848 (class 2606 OID 25360)
-- Name: vacinas vacinas_pkey; Type: CONSTRAINT; Schema: public; Owner: postgres
--

ALTER TABLE ONLY public.vacinas
    ADD CONSTRAINT vacinas_pkey PRIMARY KEY (va_cod);


--
-- TOC entry 4856 (class 2606 OID 25396)
-- Name: voluntario voluntario_pkey; Type: CONSTRAINT; Schema: public; Owner: postgres
--

ALTER TABLE ONLY public.voluntario
    ADD CONSTRAINT voluntario_pkey PRIMARY KEY (vol_cod);


--
-- TOC entry 4858 (class 2606 OID 25398)
-- Name: voluntario voluntario_vol_cpf_key; Type: CONSTRAINT; Schema: public; Owner: postgres
--

ALTER TABLE ONLY public.voluntario
    ADD CONSTRAINT voluntario_vol_cpf_key UNIQUE (vol_cpf);


--
-- TOC entry 4870 (class 2606 OID 25502)
-- Name: voluntario_x_doacao voluntario_x_doacao_pkey; Type: CONSTRAINT; Schema: public; Owner: postgres
--

ALTER TABLE ONLY public.voluntario_x_doacao
    ADD CONSTRAINT voluntario_x_doacao_pkey PRIMARY KEY (voluntario_vol_cod, doacoes_doa_cod);


--
-- TOC entry 4880 (class 2606 OID 25427)
-- Name: adocao adocao_an_cod_fkey; Type: FK CONSTRAINT; Schema: public; Owner: postgres
--

ALTER TABLE ONLY public.adocao
    ADD CONSTRAINT adocao_an_cod_fkey FOREIGN KEY (an_cod) REFERENCES public.animais(an_cod);


--
-- TOC entry 4881 (class 2606 OID 25422)
-- Name: adocao adocao_pe_cod_fkey; Type: FK CONSTRAINT; Schema: public; Owner: postgres
--

ALTER TABLE ONLY public.adocao
    ADD CONSTRAINT adocao_pe_cod_fkey FOREIGN KEY (pe_cod) REFERENCES public.pessoa(pe_cod);


--
-- TOC entry 4882 (class 2606 OID 25438)
-- Name: animal_x_med animal_x_med_animais_an_cod_fkey; Type: FK CONSTRAINT; Schema: public; Owner: postgres
--

ALTER TABLE ONLY public.animal_x_med
    ADD CONSTRAINT animal_x_med_animais_an_cod_fkey FOREIGN KEY (animais_an_cod) REFERENCES public.animais(an_cod);


--
-- TOC entry 4883 (class 2606 OID 25443)
-- Name: animal_x_med animal_x_med_medicamento_med_cod_fkey; Type: FK CONSTRAINT; Schema: public; Owner: postgres
--

ALTER TABLE ONLY public.animal_x_med
    ADD CONSTRAINT animal_x_med_medicamento_med_cod_fkey FOREIGN KEY (medicamento_med_cod) REFERENCES public.medicamento(med_cod);


--
-- TOC entry 4884 (class 2606 OID 25456)
-- Name: animal_x_vac animal_x_vac_animais_an_cod_fkey; Type: FK CONSTRAINT; Schema: public; Owner: postgres
--

ALTER TABLE ONLY public.animal_x_vac
    ADD CONSTRAINT animal_x_vac_animais_an_cod_fkey FOREIGN KEY (animais_an_cod) REFERENCES public.animais(an_cod);


--
-- TOC entry 4885 (class 2606 OID 25466)
-- Name: animal_x_vac animal_x_vac_axv_vol_aplicador_cod_fkey; Type: FK CONSTRAINT; Schema: public; Owner: postgres
--

ALTER TABLE ONLY public.animal_x_vac
    ADD CONSTRAINT animal_x_vac_axv_vol_aplicador_cod_fkey FOREIGN KEY (axv_vol_aplicador_cod) REFERENCES public.voluntario(vol_cod);


--
-- TOC entry 4886 (class 2606 OID 25461)
-- Name: animal_x_vac animal_x_vac_vacinas_va_cod_fkey; Type: FK CONSTRAINT; Schema: public; Owner: postgres
--

ALTER TABLE ONLY public.animal_x_vac
    ADD CONSTRAINT animal_x_vac_vacinas_va_cod_fkey FOREIGN KEY (vacinas_va_cod) REFERENCES public.vacinas(va_cod);


--
-- TOC entry 4888 (class 2606 OID 25488)
-- Name: doacao_x_produtos doacao_x_produtos_doacoes_doa_cod_fkey; Type: FK CONSTRAINT; Schema: public; Owner: postgres
--

ALTER TABLE ONLY public.doacao_x_produtos
    ADD CONSTRAINT doacao_x_produtos_doacoes_doa_cod_fkey FOREIGN KEY (doacoes_doa_cod) REFERENCES public.doacoes(doa_cod);


--
-- TOC entry 4889 (class 2606 OID 25493)
-- Name: doacao_x_produtos doacao_x_produtos_produtos_p_cod_fkey; Type: FK CONSTRAINT; Schema: public; Owner: postgres
--

ALTER TABLE ONLY public.doacao_x_produtos
    ADD CONSTRAINT doacao_x_produtos_produtos_p_cod_fkey FOREIGN KEY (produtos_p_cod) REFERENCES public.produtos(p_cod);


--
-- TOC entry 4887 (class 2606 OID 25478)
-- Name: doacoes doacoes_pe_cod_fkey; Type: FK CONSTRAINT; Schema: public; Owner: postgres
--

ALTER TABLE ONLY public.doacoes
    ADD CONSTRAINT doacoes_pe_cod_fkey FOREIGN KEY (pe_cod) REFERENCES public.pessoa(pe_cod);


--
-- TOC entry 4875 (class 2606 OID 25381)
-- Name: pessoa pessoa_con_cod_fkey; Type: FK CONSTRAINT; Schema: public; Owner: postgres
--

ALTER TABLE ONLY public.pessoa
    ADD CONSTRAINT pessoa_con_cod_fkey FOREIGN KEY (con_cod) REFERENCES public.contato(con_cod);


--
-- TOC entry 4876 (class 2606 OID 25386)
-- Name: pessoa pessoa_en_id_fkey; Type: FK CONSTRAINT; Schema: public; Owner: postgres
--

ALTER TABLE ONLY public.pessoa
    ADD CONSTRAINT pessoa_en_id_fkey FOREIGN KEY (en_id) REFERENCES public.endereco(en_id);


--
-- TOC entry 4877 (class 2606 OID 25399)
-- Name: voluntario voluntario_car_cod_fkey; Type: FK CONSTRAINT; Schema: public; Owner: postgres
--

ALTER TABLE ONLY public.voluntario
    ADD CONSTRAINT voluntario_car_cod_fkey FOREIGN KEY (car_cod) REFERENCES public.cargo(car_cod);


--
-- TOC entry 4878 (class 2606 OID 25404)
-- Name: voluntario voluntario_con_cod_fkey; Type: FK CONSTRAINT; Schema: public; Owner: postgres
--

ALTER TABLE ONLY public.voluntario
    ADD CONSTRAINT voluntario_con_cod_fkey FOREIGN KEY (con_cod) REFERENCES public.contato(con_cod);


--
-- TOC entry 4879 (class 2606 OID 25409)
-- Name: voluntario voluntario_cre_cod_fkey; Type: FK CONSTRAINT; Schema: public; Owner: postgres
--

ALTER TABLE ONLY public.voluntario
    ADD CONSTRAINT voluntario_cre_cod_fkey FOREIGN KEY (cre_cod) REFERENCES public.credenciais(cre_cod);


--
-- TOC entry 4890 (class 2606 OID 25508)
-- Name: voluntario_x_doacao voluntario_x_doacao_doacoes_doa_cod_fkey; Type: FK CONSTRAINT; Schema: public; Owner: postgres
--

ALTER TABLE ONLY public.voluntario_x_doacao
    ADD CONSTRAINT voluntario_x_doacao_doacoes_doa_cod_fkey FOREIGN KEY (doacoes_doa_cod) REFERENCES public.doacoes(doa_cod);


--
-- TOC entry 4891 (class 2606 OID 25503)
-- Name: voluntario_x_doacao voluntario_x_doacao_voluntario_vol_cod_fkey; Type: FK CONSTRAINT; Schema: public; Owner: postgres
--

ALTER TABLE ONLY public.voluntario_x_doacao
    ADD CONSTRAINT voluntario_x_doacao_voluntario_vol_cod_fkey FOREIGN KEY (voluntario_vol_cod) REFERENCES public.voluntario(vol_cod);


-- Completed on 2025-09-18 10:26:53

--
-- PostgreSQL database dump complete
--

